case_id,case_kind,x_axis,x_value,metric_name,value
payload__io8__conn200__payload16,payload,payload_size_bytes,16,qps_mean,49347.380849333334
payload__io8__conn200__payload16,payload,payload_size_bytes,16,qps_best,49513.97506
payload__io8__conn200__payload16,payload,payload_size_bytes,16,latency_avg_ms_mean,4.038036
payload__io8__conn200__payload16,payload,payload_size_bytes,16,latency_p50_ms_mean,3.9131286666666667
payload__io8__conn200__payload16,payload,payload_size_bytes,16,latency_p90_ms_mean,5.346046666666666
payload__io8__conn200__payload16,payload,payload_size_bytes,16,latency_p99_ms_mean,7.050610666666667
payload__io8__conn200__payload16,payload,payload_size_bytes,16,latency_p999_ms_mean,8.840501000000001
payload__io8__conn200__payload16,payload,payload_size_bytes,16,tx_kib_per_s_mean,3180.5929063333333
payload__io8__conn200__payload16,payload,payload_size_bytes,16,rx_kib_per_s_mean,2409.5400803333337
payload__io8__conn200__payload16,payload,payload_size_bytes,16,mrpc_connections_active_mean,172.97297297297297
payload__io8__conn200__payload16,payload,payload_size_bytes,16,mrpc_requests_inflight_mean,38.108108108108105
payload__io8__conn200__payload16,payload,payload_size_bytes,16,mrpc_completed_requests_average_qps_mean,47952.09459459459
payload__io8__conn200__payload16,payload,payload_size_bytes,16,mrpc_latency_queue_average_ms_mean,0.015786772972972974
payload__io8__conn200__payload16,payload,payload_size_bytes,16,mrpc_latency_queue_max_ms_mean,4.095054054054054
payload__io8__conn200__payload16,payload,payload_size_bytes,16,mrpc_latency_handler_average_ms_mean,0.001435704054054054
payload__io8__conn200__payload16,payload,payload_size_bytes,16,mrpc_latency_handler_max_ms_mean,0.765
payload__io8__conn200__payload16,payload,payload_size_bytes,16,mrpc_latency_io_return_average_ms_mean,0.8664573783783783
payload__io8__conn200__payload16,payload,payload_size_bytes,16,mrpc_latency_io_return_max_ms_mean,7.745459459459459
payload__io8__conn200__payload16,payload,payload_size_bytes,16,mrpc_latency_end_to_end_average_ms_mean,0.8887948378378379
payload__io8__conn200__payload16,payload,payload_size_bytes,16,mrpc_latency_end_to_end_max_ms_mean,7.773513513513512
payload__io8__conn200__payload16,payload,payload_size_bytes,16,mrpc_worker_rejections_total_mean,0.0
payload__io8__conn200__payload16,payload,payload_size_bytes,16,mrpc_protocol_errors_total_mean,0.0
payload__io8__conn200__payload256,payload,payload_size_bytes,256,qps_mean,49273.981394
payload__io8__conn200__payload256,payload,payload_size_bytes,256,qps_best,49496.382808
payload__io8__conn200__payload256,payload,payload_size_bytes,256,latency_avg_ms_mean,4.044272333333333
payload__io8__conn200__payload256,payload,payload_size_bytes,256,latency_p50_ms_mean,3.925212666666667
payload__io8__conn200__payload256,payload,payload_size_bytes,256,latency_p90_ms_mean,5.317589666666667
payload__io8__conn200__payload256,payload,payload_size_bytes,256,latency_p99_ms_mean,6.946698666666667
payload__io8__conn200__payload256,payload,payload_size_bytes,256,latency_p999_ms_mean,8.897508666666667
payload__io8__conn200__payload256,payload,payload_size_bytes,256,tx_kib_per_s_mean,14724.451471333334
payload__io8__conn200__payload256,payload,payload_size_bytes,256,rx_kib_per_s_mean,13954.545511666665
payload__io8__conn200__payload256,payload,payload_size_bytes,256,mrpc_connections_active_mean,183.33333333333334
payload__io8__conn200__payload256,payload,payload_size_bytes,256,mrpc_requests_inflight_mean,38.05555555555556
payload__io8__conn200__payload256,payload,payload_size_bytes,256,mrpc_completed_requests_average_qps_mean,47531.038888888885
payload__io8__conn200__payload256,payload,payload_size_bytes,256,mrpc_latency_queue_average_ms_mean,0.015900630555555555
payload__io8__conn200__payload256,payload,payload_size_bytes,256,mrpc_latency_queue_max_ms_mean,3.541
payload__io8__conn200__payload256,payload,payload_size_bytes,256,mrpc_latency_handler_average_ms_mean,0.001686398888888889
payload__io8__conn200__payload256,payload,payload_size_bytes,256,mrpc_latency_handler_max_ms_mean,1.328
payload__io8__conn200__payload256,payload,payload_size_bytes,256,mrpc_latency_io_return_average_ms_mean,0.8510239166666667
payload__io8__conn200__payload256,payload,payload_size_bytes,256,mrpc_latency_io_return_max_ms_mean,7.8465
payload__io8__conn200__payload256,payload,payload_size_bytes,256,mrpc_latency_end_to_end_average_ms_mean,0.8736602222222223
payload__io8__conn200__payload256,payload,payload_size_bytes,256,mrpc_latency_end_to_end_max_ms_mean,7.989999999999999
payload__io8__conn200__payload256,payload,payload_size_bytes,256,mrpc_worker_rejections_total_mean,0.0
payload__io8__conn200__payload256,payload,payload_size_bytes,256,mrpc_protocol_errors_total_mean,0.0
payload__io8__conn200__payload4096,payload,payload_size_bytes,4096,qps_mean,46624.839293
payload__io8__conn200__payload4096,payload,payload_size_bytes,4096,qps_best,47045.532688
payload__io8__conn200__payload4096,payload,payload_size_bytes,4096,latency_avg_ms_mean,4.273519666666666
payload__io8__conn200__payload4096,payload,payload_size_bytes,4096,latency_p50_ms_mean,4.146841333333334
payload__io8__conn200__payload4096,payload,payload_size_bytes,4096,latency_p90_ms_mean,5.604547666666666
payload__io8__conn200__payload4096,payload,payload_size_bytes,4096,latency_p99_ms_mean,7.378748333333333
payload__io8__conn200__payload4096,payload,payload_size_bytes,4096,latency_p999_ms_mean,9.451293333333334
payload__io8__conn200__payload4096,payload,payload_size_bytes,4096,tx_kib_per_s_mean,188775.96065433332
payload__io8__conn200__payload4096,payload,payload_size_bytes,4096,rx_kib_per_s_mean,188047.44754
payload__io8__conn200__payload4096,payload,payload_size_bytes,4096,mrpc_connections_active_mean,182.85714285714286
payload__io8__conn200__payload4096,payload,payload_size_bytes,4096,mrpc_requests_inflight_mean,40.57142857142857
payload__io8__conn200__payload4096,payload,payload_size_bytes,4096,mrpc_completed_requests_average_qps_mean,45318.22571428571
payload__io8__conn200__payload4096,payload,payload_size_bytes,4096,mrpc_latency_queue_average_ms_mean,0.017080257142857144
payload__io8__conn200__payload4096,payload,payload_size_bytes,4096,mrpc_latency_queue_max_ms_mean,3.9716
payload__io8__conn200__payload4096,payload,payload_size_bytes,4096,mrpc_latency_handler_average_ms_mean,0.003388029714285714
payload__io8__conn200__payload4096,payload,payload_size_bytes,4096,mrpc_latency_handler_max_ms_mean,0.796
payload__io8__conn200__payload4096,payload,payload_size_bytes,4096,mrpc_latency_io_return_average_ms_mean,0.8983633714285714
payload__io8__conn200__payload4096,payload,payload_size_bytes,4096,mrpc_latency_io_return_max_ms_mean,6.212885714285714
payload__io8__conn200__payload4096,payload,payload_size_bytes,4096,mrpc_latency_end_to_end_average_ms_mean,0.9244789142857144
payload__io8__conn200__payload4096,payload,payload_size_bytes,4096,mrpc_latency_end_to_end_max_ms_mean,6.3704
payload__io8__conn200__payload4096,payload,payload_size_bytes,4096,mrpc_worker_rejections_total_mean,0.0
payload__io8__conn200__payload4096,payload,payload_size_bytes,4096,mrpc_protocol_errors_total_mean,0.0
payload__io8__conn200__payload16384,payload,payload_size_bytes,16384,qps_mean,32366.391523666665
payload__io8__conn200__payload16384,payload,payload_size_bytes,16384,qps_best,38830.196474
payload__io8__conn200__payload16384,payload,payload_size_bytes,16384,latency_avg_ms_mean,6.281463333333334
payload__io8__conn200__payload16384,payload,payload_size_bytes,16384,latency_p50_ms_mean,5.795448333333333
payload__io8__conn200__payload16384,payload,payload_size_bytes,16384,latency_p90_ms_mean,9.063598666666666
payload__io8__conn200__payload16384,payload,payload_size_bytes,16384,latency_p99_ms_mean,14.367113333333334
payload__io8__conn200__payload16384,payload,payload_size_bytes,16384,latency_p999_ms_mean,21.720005666666665
payload__io8__conn200__payload16384,payload,payload_size_bytes,16384,tx_kib_per_s_mean,519442.6545943333
payload__io8__conn200__payload16384,payload,payload_size_bytes,16384,rx_kib_per_s_mean,518936.9297266667
payload__io8__conn200__payload16384,payload,payload_size_bytes,16384,mrpc_connections_active_mean,177.77777777777777
payload__io8__conn200__payload16384,payload,payload_size_bytes,16384,mrpc_requests_inflight_mean,35.416666666666664
payload__io8__conn200__payload16384,payload,payload_size_bytes,16384,mrpc_completed_requests_average_qps_mean,35663.21666666667
payload__io8__conn200__payload16384,payload,payload_size_bytes,16384,mrpc_latency_queue_average_ms_mean,0.02345486388888889
payload__io8__conn200__payload16384,payload,payload_size_bytes,16384,mrpc_latency_queue_max_ms_mean,4.080277777777777
payload__io8__conn200__payload16384,payload,payload_size_bytes,16384,mrpc_latency_handler_average_ms_mean,0.01173781388888889
payload__io8__conn200__payload16384,payload,payload_size_bytes,16384,mrpc_latency_handler_max_ms_mean,29.504
payload__io8__conn200__payload16384,payload,payload_size_bytes,16384,mrpc_latency_io_return_average_ms_mean,1.1400688888888888
payload__io8__conn200__payload16384,payload,payload_size_bytes,16384,mrpc_latency_io_return_max_ms_mean,32.453
payload__io8__conn200__payload16384,payload,payload_size_bytes,16384,mrpc_latency_end_to_end_average_ms_mean,1.1833827777777777
payload__io8__conn200__payload16384,payload,payload_size_bytes,16384,mrpc_latency_end_to_end_max_ms_mean,32.501
payload__io8__conn200__payload16384,payload,payload_size_bytes,16384,mrpc_worker_rejections_total_mean,0.0
payload__io8__conn200__payload16384,payload,payload_size_bytes,16384,mrpc_protocol_errors_total_mean,0.0
thread_scale__io1__conn200__payload16,thread_scale,io_threads,1,qps_mean,13762.521281666666
thread_scale__io1__conn200__payload16,thread_scale,io_threads,1,qps_best,13803.24902
thread_scale__io1__conn200__payload16,thread_scale,io_threads,1,latency_avg_ms_mean,14.487627000000002
thread_scale__io1__conn200__payload16,thread_scale,io_threads,1,latency_p50_ms_mean,14.783365333333334
thread_scale__io1__conn200__payload16,thread_scale,io_threads,1,latency_p90_ms_mean,15.515196666666668
thread_scale__io1__conn200__payload16,thread_scale,io_threads,1,latency_p99_ms_mean,18.536039666666667
thread_scale__io1__conn200__payload16,thread_scale,io_threads,1,latency_p999_ms_mean,39.08350033333333
thread_scale__io1__conn200__payload16,thread_scale,io_threads,1,tx_kib_per_s_mean,887.0375043333333
thread_scale__io1__conn200__payload16,thread_scale,io_threads,1,rx_kib_per_s_mean,671.9981096666667
thread_scale__io1__conn200__payload16,thread_scale,io_threads,1,mrpc_connections_active_mean,184.6153846153846
thread_scale__io1__conn200__payload16,thread_scale,io_threads,1,mrpc_requests_inflight_mean,47.82051282051282
thread_scale__io1__conn200__payload16,thread_scale,io_threads,1,mrpc_completed_requests_average_qps_mean,13351.689743589744
thread_scale__io1__conn200__payload16,thread_scale,io_threads,1,mrpc_latency_queue_average_ms_mean,0.013800933333333333
thread_scale__io1__conn200__payload16,thread_scale,io_threads,1,mrpc_latency_queue_max_ms_mean,0.2665128205128205
thread_scale__io1__conn200__payload16,thread_scale,io_threads,1,mrpc_latency_handler_average_ms_mean,0.0019020810256410255
thread_scale__io1__conn200__payload16,thread_scale,io_threads,1,mrpc_latency_handler_max_ms_mean,0.2057948717948718
thread_scale__io1__conn200__payload16,thread_scale,io_threads,1,mrpc_latency_io_return_average_ms_mean,3.357582051282051
thread_scale__io1__conn200__payload16,thread_scale,io_threads,1,mrpc_latency_io_return_max_ms_mean,9.580076923076923
thread_scale__io1__conn200__payload16,thread_scale,io_threads,1,mrpc_latency_end_to_end_average_ms_mean,3.377141282051282
thread_scale__io1__conn200__payload16,thread_scale,io_threads,1,mrpc_latency_end_to_end_max_ms_mean,9.633692307692307
thread_scale__io1__conn200__payload16,thread_scale,io_threads,1,mrpc_worker_rejections_total_mean,0.0
thread_scale__io1__conn200__payload16,thread_scale,io_threads,1,mrpc_protocol_errors_total_mean,0.0
thread_scale__io2__conn200__payload16,thread_scale,io_threads,2,qps_mean,25891.300409
thread_scale__io2__conn200__payload16,thread_scale,io_threads,2,qps_best,25945.808276
thread_scale__io2__conn200__payload16,thread_scale,io_threads,2,latency_avg_ms_mean,7.701951333333334
thread_scale__io2__conn200__payload16,thread_scale,io_threads,2,latency_p50_ms_mean,7.891815
thread_scale__io2__conn200__payload16,thread_scale,io_threads,2,latency_p90_ms_mean,9.610280333333334
thread_scale__io2__conn200__payload16,thread_scale,io_threads,2,latency_p99_ms_mean,10.535694333333334
thread_scale__io2__conn200__payload16,thread_scale,io_threads,2,latency_p999_ms_mean,12.703085999999999
thread_scale__io2__conn200__payload16,thread_scale,io_threads,2,tx_kib_per_s_mean,1668.7752216666668
thread_scale__io2__conn200__payload16,thread_scale,io_threads,2,rx_kib_per_s_mean,1264.223653
thread_scale__io2__conn200__payload16,thread_scale,io_threads,2,mrpc_connections_active_mean,183.78378378378378
thread_scale__io2__conn200__payload16,thread_scale,io_threads,2,mrpc_requests_inflight_mean,55.5945945945946
thread_scale__io2__conn200__payload16,thread_scale,io_threads,2,mrpc_completed_requests_average_qps_mean,25124.556756756756
thread_scale__io2__conn200__payload16,thread_scale,io_threads,2,mrpc_latency_queue_average_ms_mean,0.01191492162162162
thread_scale__io2__conn200__payload16,thread_scale,io_threads,2,mrpc_latency_queue_max_ms_mean,0.42024324324324325
thread_scale__io2__conn200__payload16,thread_scale,io_threads,2,mrpc_latency_handler_average_ms_mean,0.0017314440540540542
thread_scale__io2__conn200__payload16,thread_scale,io_threads,2,mrpc_latency_handler_max_ms_mean,0.343
thread_scale__io2__conn200__payload16,thread_scale,io_threads,2,mrpc_latency_io_return_average_ms_mean,2.04719
thread_scale__io2__conn200__payload16,thread_scale,io_threads,2,mrpc_latency_io_return_max_ms_mean,6.646945945945945
thread_scale__io2__conn200__payload16,thread_scale,io_threads,2,mrpc_latency_end_to_end_average_ms_mean,2.064601081081081
thread_scale__io2__conn200__payload16,thread_scale,io_threads,2,mrpc_latency_end_to_end_max_ms_mean,6.692378378378378
thread_scale__io2__conn200__payload16,thread_scale,io_threads,2,mrpc_worker_rejections_total_mean,0.0
thread_scale__io2__conn200__payload16,thread_scale,io_threads,2,mrpc_protocol_errors_total_mean,0.0
thread_scale__io4__conn200__payload16,thread_scale,io_threads,4,qps_mean,42035.4779
thread_scale__io4__conn200__payload16,thread_scale,io_threads,4,qps_best,42102.346905
thread_scale__io4__conn200__payload16,thread_scale,io_threads,4,latency_avg_ms_mean,4.742707666666667
thread_scale__io4__conn200__payload16,thread_scale,io_threads,4,latency_p50_ms_mean,4.663933666666667
thread_scale__io4__conn200__payload16,thread_scale,io_threads,4,latency_p90_ms_mean,5.212031666666667
thread_scale__io4__conn200__payload16,thread_scale,io_threads,4,latency_p99_ms_mean,6.627541333333333
thread_scale__io4__conn200__payload16,thread_scale,io_threads,4,latency_p999_ms_mean,7.461646333333333
thread_scale__io4__conn200__payload16,thread_scale,io_threads,4,tx_kib_per_s_mean,2709.3179116666665
thread_scale__io4__conn200__payload16,thread_scale,io_threads,4,rx_kib_per_s_mean,2052.513569333333
thread_scale__io4__conn200__payload16,thread_scale,io_threads,4,mrpc_connections_active_mean,179.1081081081081
thread_scale__io4__conn200__payload16,thread_scale,io_threads,4,mrpc_requests_inflight_mean,43.0
thread_scale__io4__conn200__payload16,thread_scale,io_threads,4,mrpc_completed_requests_average_qps_mean,40715.156756756754
thread_scale__io4__conn200__payload16,thread_scale,io_threads,4,mrpc_latency_queue_average_ms_mean,0.012456118918918919
thread_scale__io4__conn200__payload16,thread_scale,io_threads,4,mrpc_latency_queue_max_ms_mean,1.249297297297297
thread_scale__io4__conn200__payload16,thread_scale,io_threads,4,mrpc_latency_handler_average_ms_mean,0.0016335772972972972
thread_scale__io4__conn200__payload16,thread_scale,io_threads,4,mrpc_latency_handler_max_ms_mean,0.753
thread_scale__io4__conn200__payload16,thread_scale,io_threads,4,mrpc_latency_io_return_average_ms_mean,1.0887499999999999
thread_scale__io4__conn200__payload16,thread_scale,io_threads,4,mrpc_latency_io_return_max_ms_mean,3.370027027027027
thread_scale__io4__conn200__payload16,thread_scale,io_threads,4,mrpc_latency_end_to_end_average_ms_mean,1.1071735135135135
thread_scale__io4__conn200__payload16,thread_scale,io_threads,4,mrpc_latency_end_to_end_max_ms_mean,3.3927567567567567
thread_scale__io4__conn200__payload16,thread_scale,io_threads,4,mrpc_worker_rejections_total_mean,0.0
thread_scale__io4__conn200__payload16,thread_scale,io_threads,4,mrpc_protocol_errors_total_mean,0.0
thread_scale__io8__conn200__payload16,thread_scale,io_threads,8,qps_mean,49795.06967766667
thread_scale__io8__conn200__payload16,thread_scale,io_threads,8,qps_best,50619.085402
thread_scale__io8__conn200__payload16,thread_scale,io_threads,8,latency_avg_ms_mean,4.002175
thread_scale__io8__conn200__payload16,thread_scale,io_threads,8,latency_p50_ms_mean,3.8808306666666668
thread_scale__io8__conn200__payload16,thread_scale,io_threads,8,latency_p90_ms_mean,5.282039999999999
thread_scale__io8__conn200__payload16,thread_scale,io_threads,8,latency_p99_ms_mean,6.926187
thread_scale__io8__conn200__payload16,thread_scale,io_threads,8,latency_p999_ms_mean,8.715289333333333
thread_scale__io8__conn200__payload16,thread_scale,io_threads,8,tx_kib_per_s_mean,3209.4478503333335
thread_scale__io8__conn200__payload16,thread_scale,io_threads,8,rx_kib_per_s_mean,2431.399886333333
thread_scale__io8__conn200__payload16,thread_scale,io_threads,8,mrpc_connections_active_mean,183.33333333333334
thread_scale__io8__conn200__payload16,thread_scale,io_threads,8,mrpc_requests_inflight_mean,40.52777777777778
thread_scale__io8__conn200__payload16,thread_scale,io_threads,8,mrpc_completed_requests_average_qps_mean,49120.725000000006
thread_scale__io8__conn200__payload16,thread_scale,io_threads,8,mrpc_latency_queue_average_ms_mean,0.015295699999999999
thread_scale__io8__conn200__payload16,thread_scale,io_threads,8,mrpc_latency_queue_max_ms_mean,1.3451666666666666
thread_scale__io8__conn200__payload16,thread_scale,io_threads,8,mrpc_latency_handler_average_ms_mean,0.0014408577777777778
thread_scale__io8__conn200__payload16,thread_scale,io_threads,8,mrpc_latency_handler_max_ms_mean,0.357
thread_scale__io8__conn200__payload16,thread_scale,io_threads,8,mrpc_latency_io_return_average_ms_mean,0.8354274444444445
thread_scale__io8__conn200__payload16,thread_scale,io_threads,8,mrpc_latency_io_return_max_ms_mean,5.616777777777778
thread_scale__io8__conn200__payload16,thread_scale,io_threads,8,mrpc_latency_end_to_end_average_ms_mean,0.8572431388888888
thread_scale__io8__conn200__payload16,thread_scale,io_threads,8,mrpc_latency_end_to_end_max_ms_mean,5.638805555555555
thread_scale__io8__conn200__payload16,thread_scale,io_threads,8,mrpc_worker_rejections_total_mean,0.0
thread_scale__io8__conn200__payload16,thread_scale,io_threads,8,mrpc_protocol_errors_total_mean,0.0
thread_scale__io16__conn200__payload16,thread_scale,io_threads,16,qps_mean,48297.38808533333
thread_scale__io16__conn200__payload16,thread_scale,io_threads,16,qps_best,48493.541259
thread_scale__io16__conn200__payload16,thread_scale,io_threads,16,latency_avg_ms_mean,4.124724666666666
thread_scale__io16__conn200__payload16,thread_scale,io_threads,16,latency_p50_ms_mean,3.8319240000000003
thread_scale__io16__conn200__payload16,thread_scale,io_threads,16,latency_p90_ms_mean,6.648944333333334
thread_scale__io16__conn200__payload16,thread_scale,io_threads,16,latency_p99_ms_mean,9.660887333333333
thread_scale__io16__conn200__payload16,thread_scale,io_threads,16,latency_p999_ms_mean,12.582101333333334
thread_scale__io16__conn200__payload16,thread_scale,io_threads,16,tx_kib_per_s_mean,3112.9175913333333
thread_scale__io16__conn200__payload16,thread_scale,io_threads,16,rx_kib_per_s_mean,2358.2709026666666
thread_scale__io16__conn200__payload16,thread_scale,io_threads,16,mrpc_connections_active_mean,178.3783783783784
thread_scale__io16__conn200__payload16,thread_scale,io_threads,16,mrpc_requests_inflight_mean,52.513513513513516
thread_scale__io16__conn200__payload16,thread_scale,io_threads,16,mrpc_completed_requests_average_qps_mean,46703.72972972973
thread_scale__io16__conn200__payload16,thread_scale,io_threads,16,mrpc_latency_queue_average_ms_mean,0.016339197297297298
thread_scale__io16__conn200__payload16,thread_scale,io_threads,16,mrpc_latency_queue_max_ms_mean,2.379
thread_scale__io16__conn200__payload16,thread_scale,io_threads,16,mrpc_latency_handler_average_ms_mean,0.0014275964864864865
thread_scale__io16__conn200__payload16,thread_scale,io_threads,16,mrpc_latency_handler_max_ms_mean,0.803
thread_scale__io16__conn200__payload16,thread_scale,io_threads,16,mrpc_latency_io_return_average_ms_mean,1.2260408108108107
thread_scale__io16__conn200__payload16,thread_scale,io_threads,16,mrpc_latency_io_return_max_ms_mean,10.78654054054054
thread_scale__io16__conn200__payload16,thread_scale,io_threads,16,mrpc_latency_end_to_end_average_ms_mean,1.2490302702702702
thread_scale__io16__conn200__payload16,thread_scale,io_threads,16,mrpc_latency_end_to_end_max_ms_mean,10.866567567567568
thread_scale__io16__conn200__payload16,thread_scale,io_threads,16,mrpc_worker_rejections_total_mean,0.0
thread_scale__io16__conn200__payload16,thread_scale,io_threads,16,mrpc_protocol_errors_total_mean,0.0
throughput__io8__conn50__payload16,throughput,connections,50,qps_mean,51446.080436
throughput__io8__conn50__payload16,throughput,connections,50,qps_best,53020.557412
throughput__io8__conn50__payload16,throughput,connections,50,latency_avg_ms_mean,0.9683086666666667
throughput__io8__conn50__payload16,throughput,connections,50,latency_p50_ms_mean,0.8918033333333333
throughput__io8__conn50__payload16,throughput,connections,50,latency_p90_ms_mean,1.5882689999999997
throughput__io8__conn50__payload16,throughput,connections,50,latency_p99_ms_mean,2.2704026666666666
throughput__io8__conn50__payload16,throughput,connections,50,latency_p999_ms_mean,2.90955
throughput__io8__conn50__payload16,throughput,connections,50,tx_kib_per_s_mean,3315.8606529999997
throughput__io8__conn50__payload16,throughput,connections,50,rx_kib_per_s_mean,2512.0156463333333
throughput__io8__conn50__payload16,throughput,connections,50,mrpc_connections_active_mean,43.421052631578945
throughput__io8__conn50__payload16,throughput,connections,50,mrpc_requests_inflight_mean,12.31578947368421
throughput__io8__conn50__payload16,throughput,connections,50,mrpc_completed_requests_average_qps_mean,48919.48684210526
throughput__io8__conn50__payload16,throughput,connections,50,mrpc_latency_queue_average_ms_mean,0.017030171052631576
throughput__io8__conn50__payload16,throughput,connections,50,mrpc_latency_queue_max_ms_mean,2.927947368421053
throughput__io8__conn50__payload16,throughput,connections,50,mrpc_latency_handler_average_ms_mean,0.0013777026315789475
throughput__io8__conn50__payload16,throughput,connections,50,mrpc_latency_handler_max_ms_mean,0.972
throughput__io8__conn50__payload16,throughput,connections,50,mrpc_latency_io_return_average_ms_mean,0.28677305263157893
throughput__io8__conn50__payload16,throughput,connections,50,mrpc_latency_io_return_max_ms_mean,5.892
throughput__io8__conn50__payload16,throughput,connections,50,mrpc_latency_end_to_end_average_ms_mean,0.3107173947368421
throughput__io8__conn50__payload16,throughput,connections,50,mrpc_latency_end_to_end_max_ms_mean,6.027
throughput__io8__conn50__payload16,throughput,connections,50,mrpc_worker_rejections_total_mean,0.0
throughput__io8__conn50__payload16,throughput,connections,50,mrpc_protocol_errors_total_mean,0.0
throughput__io8__conn100__payload16,throughput,connections,100,qps_mean,50126.80059666667
throughput__io8__conn100__payload16,throughput,connections,100,qps_best,50379.166298
throughput__io8__conn100__payload16,throughput,connections,100,latency_avg_ms_mean,1.9884506666666668
throughput__io8__conn100__payload16,throughput,connections,100,latency_p50_ms_mean,1.8626736666666668
throughput__io8__conn100__payload16,throughput,connections,100,latency_p90_ms_mean,3.0014516666666666
throughput__io8__conn100__payload16,throughput,connections,100,latency_p99_ms_mean,4.107585
throughput__io8__conn100__payload16,throughput,connections,100,latency_p999_ms_mean,5.120678333333333
throughput__io8__conn100__payload16,throughput,connections,100,tx_kib_per_s_mean,3230.8289446666663
throughput__io8__conn100__payload16,throughput,connections,100,rx_kib_per_s_mean,2447.597685333333
throughput__io8__conn100__payload16,throughput,connections,100,mrpc_connections_active_mean,92.3076923076923
throughput__io8__conn100__payload16,throughput,connections,100,mrpc_requests_inflight_mean,26.358974358974358
throughput__io8__conn100__payload16,throughput,connections,100,mrpc_completed_requests_average_qps_mean,48413.817948717944
throughput__io8__conn100__payload16,throughput,connections,100,mrpc_latency_queue_average_ms_mean,0.01595798717948718
throughput__io8__conn100__payload16,throughput,connections,100,mrpc_latency_queue_max_ms_mean,2.5276923076923077
throughput__io8__conn100__payload16,throughput,connections,100,mrpc_latency_handler_average_ms_mean,0.001411393076923077
throughput__io8__conn100__payload16,throughput,connections,100,mrpc_latency_handler_max_ms_mean,1.134
throughput__io8__conn100__payload16,throughput,connections,100,mrpc_latency_io_return_average_ms_mean,0.5131774615384616
throughput__io8__conn100__payload16,throughput,connections,100,mrpc_latency_io_return_max_ms_mean,6.006076923076923
throughput__io8__conn100__payload16,throughput,connections,100,mrpc_latency_end_to_end_average_ms_mean,0.5357159230769231
throughput__io8__conn100__payload16,throughput,connections,100,mrpc_latency_end_to_end_max_ms_mean,6.055923076923077
throughput__io8__conn100__payload16,throughput,connections,100,mrpc_worker_rejections_total_mean,0.0
throughput__io8__conn100__payload16,throughput,connections,100,mrpc_protocol_errors_total_mean,0.0
throughput__io8__conn200__payload16,throughput,connections,200,qps_mean,49612.25219833333
throughput__io8__conn200__payload16,throughput,connections,200,qps_best,50029.026108
throughput__io8__conn200__payload16,throughput,connections,200,latency_avg_ms_mean,4.017229
throughput__io8__conn200__payload16,throughput,connections,200,latency_p50_ms_mean,3.9027243333333335
throughput__io8__conn200__payload16,throughput,connections,200,latency_p90_ms_mean,5.2972763333333335
throughput__io8__conn200__payload16,throughput,connections,200,latency_p99_ms_mean,6.920583333333333
throughput__io8__conn200__payload16,throughput,connections,200,latency_p999_ms_mean,8.658110333333333
throughput__io8__conn200__payload16,throughput,connections,200,tx_kib_per_s_mean,3197.6646923333333
throughput__io8__conn200__payload16,throughput,connections,200,rx_kib_per_s_mean,2422.473251666667
throughput__io8__conn200__payload16,throughput,connections,200,mrpc_connections_active_mean,183.33333333333334
throughput__io8__conn200__payload16,throughput,connections,200,mrpc_requests_inflight_mean,39.916666666666664
throughput__io8__conn200__payload16,throughput,connections,200,mrpc_completed_requests_average_qps_mean,47931.62777777778
throughput__io8__conn200__payload16,throughput,connections,200,mrpc_latency_queue_average_ms_mean,0.015763625
throughput__io8__conn200__payload16,throughput,connections,200,mrpc_latency_queue_max_ms_mean,5.701944444444445
throughput__io8__conn200__payload16,throughput,connections,200,mrpc_latency_handler_average_ms_mean,0.001416896388888889
throughput__io8__conn200__payload16,throughput,connections,200,mrpc_latency_handler_max_ms_mean,0.842
throughput__io8__conn200__payload16,throughput,connections,200,mrpc_latency_io_return_average_ms_mean,0.8575723888888889
throughput__io8__conn200__payload16,throughput,connections,200,mrpc_latency_io_return_max_ms_mean,7.025166666666667
throughput__io8__conn200__payload16,throughput,connections,200,mrpc_latency_end_to_end_average_ms_mean,0.8798416944444445
throughput__io8__conn200__payload16,throughput,connections,200,mrpc_latency_end_to_end_max_ms_mean,7.034388888888889
throughput__io8__conn200__payload16,throughput,connections,200,mrpc_worker_rejections_total_mean,0.0
throughput__io8__conn200__payload16,throughput,connections,200,mrpc_protocol_errors_total_mean,0.0
throughput__io8__conn400__payload16,throughput,connections,400,qps_mean,48915.61044733333
throughput__io8__conn400__payload16,throughput,connections,400,qps_best,48989.709674
throughput__io8__conn400__payload16,throughput,connections,400,latency_avg_ms_mean,8.133674000000001
throughput__io8__conn400__payload16,throughput,connections,400,latency_p50_ms_mean,7.983764333333333
throughput__io8__conn400__payload16,throughput,connections,400,latency_p90_ms_mean,10.064996666666666
throughput__io8__conn400__payload16,throughput,connections,400,latency_p99_ms_mean,12.639204666666666
throughput__io8__conn400__payload16,throughput,connections,400,latency_p999_ms_mean,17.014275333333334
throughput__io8__conn400__payload16,throughput,connections,400,tx_kib_per_s_mean,3152.763954666667
throughput__io8__conn400__payload16,throughput,connections,400,rx_kib_per_s_mean,2388.4575416666667
throughput__io8__conn400__payload16,throughput,connections,400,mrpc_connections_active_mean,356.86486486486484
throughput__io8__conn400__payload16,throughput,connections,400,mrpc_requests_inflight_mean,74.75675675675676
throughput__io8__conn400__payload16,throughput,connections,400,mrpc_completed_requests_average_qps_mean,47266.4
throughput__io8__conn400__payload16,throughput,connections,400,mrpc_latency_queue_average_ms_mean,0.01578916756756757
throughput__io8__conn400__payload16,throughput,connections,400,mrpc_latency_queue_max_ms_mean,2.1295405405405408
throughput__io8__conn400__payload16,throughput,connections,400,mrpc_latency_handler_average_ms_mean,0.0014387748648648647
throughput__io8__conn400__payload16,throughput,connections,400,mrpc_latency_handler_max_ms_mean,1.132
throughput__io8__conn400__payload16,throughput,connections,400,mrpc_latency_io_return_average_ms_mean,1.6939151351351351
throughput__io8__conn400__payload16,throughput,connections,400,mrpc_latency_io_return_max_ms_mean,9.04018918918919
throughput__io8__conn400__payload16,throughput,connections,400,mrpc_latency_end_to_end_average_ms_mean,1.716284054054054
throughput__io8__conn400__payload16,throughput,connections,400,mrpc_latency_end_to_end_max_ms_mean,9.258081081081082
throughput__io8__conn400__payload16,throughput,connections,400,mrpc_worker_rejections_total_mean,0.0
throughput__io8__conn400__payload16,throughput,connections,400,mrpc_protocol_errors_total_mean,0.0
